product_id,product_name,category,discounted_price,actual_price,discount_percentage,rating,rating_count,about_product,img_link,product_link
BXAJI0Y6DP,Samsung Galaxy S24 Ultra 5G,Electronics|Smartphones & Accessories,"₹89,999","₹109,999",18%,3.2,"14,378","Flagship smartphone with 200MP camera, S Pen, 5000mAh battery, 12GB RAM, 256GB storage.",https://m.media-amazon.com/images/I/BXAJI0Y6DP._SX679_.jpg,https://www.amazon.in/dp/BXAJI0Y6DP
BIVUZZPQK5,Apple iPhone 15 Pro,Electronics|Smartphones & Accessories,"₹134,900","₹149,900",10%,4.4,"10,513","Titanium design, A17 Pro chip, ProMotion display, 48MP main camera, USB-C.",https://m.media-amazon.com/images/I/BIVUZZPQK5._SX679_.jpg,https://www.amazon.in/dp/BIVUZZPQK5
BZMF8MDD4V,OnePlus 12 5G,Electronics|Smartphones & Accessories,"₹64,999","₹74,999",13%,4.5,"47,873","Snapdragon 8 Gen 3, 50MP Hasselblad camera, 100W SUPERVOOC charging, 5400mAh.",https://m.media-amazon.com/images/I/BZMF8MDD4V._SX679_.jpg,https://www.amazon.in/dp/BZMF8MDD4V
BQE7CKW5NG,Xiaomi 14,Electronics|Smartphones & Accessories,"₹59,999","₹69,999",14%,3.3,"43,386","Leica optics, Snapdragon 8 Gen 3, 120W HyperCharge, 50MP triple camera.",https://m.media-amazon.com/images/I/BQE7CKW5NG._SX679_.jpg,https://www.amazon.in/dp/BQE7CKW5NG
BIKCIDKWNN,Google Pixel 8 Pro,Electronics|Smartphones & Accessories,"₹84,999","₹99,999",15%,3.5,"17,546","Google Tensor G3 chip, 50MP camera, 7 years updates, temperature sensor.",https://m.media-amazon.com/images/I/BIKCIDKWNN._SX679_.jpg,https://www.amazon.in/dp/BIKCIDKWNN
BZYCWTIQJ7,Realme GT 5 Pro,Electronics|Smartphones & Accessories,"₹39,999","₹49,999",20%,4.3,"14,442","Snapdragon 8 Gen 3, 50MP camera, 100W fast charging, 5000mAh battery.",https://m.media-amazon.com/images/I/BZYCWTIQJ7._SX679_.jpg,https://www.amazon.in/dp/BZYCWTIQJ7
BY41IBLJH7,Motorola Edge 50 Pro,Electronics|Smartphones & Accessories,"₹31,999","₹39,999",20%,4.6,"20,672","144Hz pOLED display, 50MP Sony sensor, 125W TurboPower charging.",https://m.media-amazon.com/images/I/BY41IBLJH7._SX679_.jpg,https://www.amazon.in/dp/BY41IBLJH7
BHR5XFF0T0,Vivo V30 Pro 5G,Electronics|Smartphones & Accessories,"₹35,999","₹44,999",20%,3.9,"38,292","50MP ZEISS portrait camera, Dimensity 8200, curved AMOLED, 80W charging.",https://m.media-amazon.com/images/I/BHR5XFF0T0._SX679_.jpg,https://www.amazon.in/dp/BHR5XFF0T0
BOH9SDBDW2,Nothing Phone 2a,Electronics|Smartphones & Accessories,"₹24,999","₹29,999",17%,3.9,"4,213","Dimensity 7200 Pro, Glyph Interface, 50MP camera, 5000mAh, 45W charging.",https://m.media-amazon.com/images/I/BOH9SDBDW2._SX679_.jpg,https://www.amazon.in/dp/BOH9SDBDW2
BNVQJT7YE5,iQOO 12 5G,Electronics|Smartphones & Accessories,"₹52,999","₹64,999",18%,4.4,"42,056","Snapdragon 8 Gen 3, 50MP Zeiss camera, 120W FlashCharge, 5000mAh.",https://m.media-amazon.com/images/I/BNVQJT7YE5._SX679_.jpg,https://www.amazon.in/dp/BNVQJT7YE5
BMKFAZZ81S,Poco X6 Pro 5G,Electronics|Smartphones & Accessories,"₹26,999","₹34,999",23%,3.4,"41,029","Dimensity 8300 Ultra, 64MP OIS camera, 67W SUPERCHARGE, 5000mAh AMOLED.",https://m.media-amazon.com/images/I/BMKFAZZ81S._SX679_.jpg,https://www.amazon.in/dp/BMKFAZZ81S
BKXVF1T2TA,Oppo Reno 11 Pro,Electronics|Smartphones & Accessories,"₹39,999","₹49,999",20%,3.7,"1,326","50MP Triple camera, Hasselblad colour tuning, 80W SUPERVOOC, 4600mAh.",https://m.media-amazon.com/images/I/BKXVF1T2TA._SX679_.jpg,https://www.amazon.in/dp/BKXVF1T2TA
BEN93IIUC0,Dell XPS 15 9530,Electronics|Laptops & Accessories,"₹179,990","₹209,990",14%,4.5,"49,896","Intel Core i7-13700H, NVIDIA RTX 4060, 15.6 inch OLED 3.5K display, 16GB DDR5, 512GB SSD.",https://m.media-amazon.com/images/I/BEN93IIUC0._SX679_.jpg,https://www.amazon.in/dp/BEN93IIUC0
BTEX8FSV87,Apple MacBook Pro 14 M3,Electronics|Laptops & Accessories,"₹199,900","₹229,900",13%,4.4,"45,261","Apple M3 chip, 14.2 inch Liquid Retina XDR, 18GB unified memory, 1TB SSD, 22hr battery.",https://m.media-amazon.com/images/I/BTEX8FSV87._SX679_.jpg,https://www.amazon.in/dp/BTEX8FSV87
BHL9XPSEIM,HP Spectre x360 14,Electronics|Laptops & Accessories,"₹149,999","₹179,999",17%,4.1,"15,130","Intel EVO i7-1355U, 2.8K OLED touch display, 16GB, 1TB SSD, 360 degree hinge.",https://m.media-amazon.com/images/I/BHL9XPSEIM._SX679_.jpg,https://www.amazon.in/dp/BHL9XPSEIM
BVAZCCBLSK,Lenovo ThinkPad X1 Carbon Gen 11,Electronics|Laptops & Accessories,"₹159,999","₹194,999",18%,4.0,"35,389","Intel Core i7-1365U, 14 inch 2.8K OLED, 16GB LPDDR5, 512GB SSD, military grade.",https://m.media-amazon.com/images/I/BVAZCCBLSK._SX679_.jpg,https://www.amazon.in/dp/BVAZCCBLSK
BE7UR23GDP,ASUS ROG Zephyrus G14,Electronics|Laptops & Accessories,"₹129,999","₹154,999",16%,3.9,"30,656","AMD Ryzen 9 7940HS, RTX 4060, 14 inch QHD+ 165Hz, 16GB DDR5, 1TB SSD.",https://m.media-amazon.com/images/I/BE7UR23GDP._SX679_.jpg,https://www.amazon.in/dp/BE7UR23GDP
B5BXXC02DG,Acer Swift X 14,Electronics|Laptops & Accessories,"₹79,999","₹94,999",16%,4.1,"9,236","Intel Core i5-13500H, RTX 3050, 14 inch 2.8K OLED, 16GB, 512GB SSD.",https://m.media-amazon.com/images/I/B5BXXC02DG._SX679_.jpg,https://www.amazon.in/dp/B5BXXC02DG
BPKI7P5TB9,MSI Stealth 15,Electronics|Laptops & Accessories,"₹109,999","₹134,999",19%,4.5,"6,162","Intel Core i7-13700H, RTX 4060, 15.6 inch QHD 165Hz, 16GB DDR5, 1TB NVMe.",https://m.media-amazon.com/images/I/BPKI7P5TB9._SX679_.jpg,https://www.amazon.in/dp/BPKI7P5TB9
B74FRHOCN9,Samsung Galaxy Book3 Pro 360,Electronics|Laptops & Accessories,"₹149,999","₹174,999",14%,3.6,"29,869","Intel Core i7-1360P, 16 inch 3K AMOLED touch, 16GB, 512GB SSD, S Pen.",https://m.media-amazon.com/images/I/B74FRHOCN9._SX679_.jpg,https://www.amazon.in/dp/B74FRHOCN9
BKZ02XRGHC,Microsoft Surface Laptop 5,Electronics|Laptops & Accessories,"₹124,999","₹149,999",17%,4.4,"4,044","Intel Core i7-1265U, 13.5 inch PixelSense, 16GB, 512GB removable SSD, Windows 11.",https://m.media-amazon.com/images/I/BKZ02XRGHC._SX679_.jpg,https://www.amazon.in/dp/BKZ02XRGHC
B0CVS4F8CG,LG Gram 16,Electronics|Laptops & Accessories,"₹104,999","₹124,999",16%,4.2,"44,300","Intel Core i7-1360P, 16 inch IPS, 16GB LPDDR5, 1TB SSD, under 1.2kg military grade.",https://m.media-amazon.com/images/I/B0CVS4F8CG._SX679_.jpg,https://www.amazon.in/dp/B0CVS4F8CG
B5O7UUBCXU,Sony WH-1000XM5,Electronics|Headphones & Earphones,"₹26,990","₹34,990",23%,3.7,"17,139","Industry-leading noise cancellation, 30hr battery, multipoint connection, Hi-Res Audio.",https://m.media-amazon.com/images/I/B5O7UUBCXU._SX679_.jpg,https://www.amazon.in/dp/B5O7UUBCXU
BHZIOYKL1C,Apple AirPods Pro 2nd Gen,Electronics|Headphones & Earphones,"₹24,900","₹29,900",17%,3.9,"36,946","Active Noise Cancellation, Transparency mode, Adaptive Audio, H2 chip, MagSafe.",https://m.media-amazon.com/images/I/BHZIOYKL1C._SX679_.jpg,https://www.amazon.in/dp/BHZIOYKL1C
B9CHJ755NF,Bose QuietComfort 45,Electronics|Headphones & Earphones,"₹22,900","₹29,900",23%,4.5,"46,157","World-class noise cancellation, 24hr battery, comfortable design, Aware mode.",https://m.media-amazon.com/images/I/B9CHJ755NF._SX679_.jpg,https://www.amazon.in/dp/B9CHJ755NF
BK93TYT7D5,Jabra Evolve2 85,Electronics|Headphones & Earphones,"₹27,999","₹34,999",20%,3.6,"7,064","ANC, 8-mic array for calls, 37hr battery, multipoint, Teams/Zoom certified.",https://m.media-amazon.com/images/I/BK93TYT7D5._SX679_.jpg,https://www.amazon.in/dp/BK93TYT7D5
B0FKHMY4SJ,Sennheiser Momentum 4 Wireless,Electronics|Headphones & Earphones,"₹24,990","₹32,990",24%,4.7,"3,379","60hr battery, adaptive noise cancellation, foldable design, sound personalization.",https://m.media-amazon.com/images/I/B0FKHMY4SJ._SX679_.jpg,https://www.amazon.in/dp/B0FKHMY4SJ
BDPJA1WJ0T,OnePlus Buds Pro 2,Electronics|Headphones & Earphones,"₹9,999","₹12,999",23%,3.9,683,"47dB ANC, Dynaudio tuning, 12.4mm + 6mm dual drivers, 39hr total battery.",https://m.media-amazon.com/images/I/BDPJA1WJ0T._SX679_.jpg,https://www.amazon.in/dp/BDPJA1WJ0T
BE8YFBNTPB,Samsung Galaxy Buds2 Pro,Electronics|Headphones & Earphones,"₹11,999","₹17,999",33%,3.8,"2,664","24-bit Hi-Fi audio, ANC, Auto Switch, 360 Audio, IPX7, 8hr battery.",https://m.media-amazon.com/images/I/BE8YFBNTPB._SX679_.jpg,https://www.amazon.in/dp/BE8YFBNTPB
B6HID25OWF,Boat Rockerz 550,Electronics|Headphones & Earphones,"₹2,499","₹4,999",50%,4.7,"10,699","50mm drivers, 20hr battery, 40dB ANC, foldable design, dual pairing.",https://m.media-amazon.com/images/I/B6HID25OWF._SX679_.jpg,https://www.amazon.in/dp/B6HID25OWF
B935A0L725,JBL Quantum 350,Electronics|Headphones & Earphones,"₹5,999","₹8,999",33%,4.5,"17,535","48kHz audio, 2.4GHz wireless, JBL QuantumSurround, 22hr battery.",https://m.media-amazon.com/images/I/B935A0L725._SX679_.jpg,https://www.amazon.in/dp/B935A0L725
BFZNBQH7M3,Realme Buds Air 5,Electronics|Headphones & Earphones,"₹2,999","₹5,499",45%,4.6,"14,659","50dB ANC, 12.4mm bass boost driver, 40hr total battery, IP55 rating.",https://m.media-amazon.com/images/I/BFZNBQH7M3._SX679_.jpg,https://www.amazon.in/dp/BFZNBQH7M3
BAGL58KXO9,Samsung 65 Neo QLED 8K QN800C,Electronics|Televisions,"₹249,999","₹299,999",17%,4.1,"1,858","8K NeoQLED, Neural Quantum Processor 8K, Quantum Matrix Technology Pro, Object Tracking Sound.",https://m.media-amazon.com/images/I/BAGL58KXO9._SX679_.jpg,https://www.amazon.in/dp/BAGL58KXO9
BE8G8JDP0L,LG OLED65C3PSA 65 inch OLED,Electronics|Televisions,"₹189,999","₹219,999",14%,4.2,"33,566","OLED evo panel, AI Processor Gen6, Dolby Vision IQ, 4K 120Hz, G-Sync, FreeSync.",https://m.media-amazon.com/images/I/BE8G8JDP0L._SX679_.jpg,https://www.amazon.in/dp/BE8G8JDP0L
BE6GBPS3Y7,Sony KD-65X90L Bravia 65 inch,Electronics|Televisions,"₹149,999","₹179,999",17%,4.4,"12,962","4K Full Array LED, XR Cognitive Processor, Bravia CORE, HDMI 2.1, Google TV.",https://m.media-amazon.com/images/I/BE6GBPS3Y7._SX679_.jpg,https://www.amazon.in/dp/BE6GBPS3Y7
BNCXLL4ZKL,OnePlus 65 Y1S Pro,Electronics|Televisions,"₹54,999","₹69,999",21%,3.9,"26,421","4K UHD, Gamma Color Magic engine, Dolby Audio, 3-side bezel-less design, Android TV.",https://m.media-amazon.com/images/I/BNCXLL4ZKL._SX679_.jpg,https://www.amazon.in/dp/BNCXLL4ZKL
BZTGXN0GUO,Mi Smart TV X65,Electronics|Televisions,"₹69,999","₹84,999",18%,4.5,"19,964","65 inch 4K UHD, MEMC, Dolby Vision, 30W Dolby Audio, PatchWall Android TV.",https://m.media-amazon.com/images/I/BZTGXN0GUO._SX679_.jpg,https://www.amazon.in/dp/BZTGXN0GUO
BKPUXQPHR6,TCL 65 inch QLED 4K TV,Electronics|Televisions,"₹59,999","₹74,999",20%,4.5,"11,170","QLED panel, AiPQ Engine, Dolby Vision, Android TV 11, built-in Chromecast.",https://m.media-amazon.com/images/I/BKPUXQPHR6._SX679_.jpg,https://www.amazon.in/dp/BKPUXQPHR6
BXKXWD8IL3,Vu 65 inch Premium 4K Smart TV,Electronics|Televisions,"₹49,999","₹64,999",23%,3.4,"3,078","4K HDR, 60W Dolby Atmos sound, 10-core processor, Android TV, 100Hz display.",https://m.media-amazon.com/images/I/BXKXWD8IL3._SX679_.jpg,https://www.amazon.in/dp/BXKXWD8IL3
BIR4COWGZR,Canon EOS R50 Mirrorless Camera,Electronics|Cameras & Photography,"₹64,999","₹79,999",19%,3.6,"43,045","24.2MP APS-C sensor, 4K video, Eye AF, dual pixel autofocus, compact design.",https://m.media-amazon.com/images/I/BIR4COWGZR._SX679_.jpg,https://www.amazon.in/dp/BIR4COWGZR
BY6452H2ZQ,Sony Alpha A7 IV Full Frame,Electronics|Cameras & Photography,"₹219,999","₹259,999",15%,4.1,"8,003","33MP full-frame BSI CMOS, 4K 60p video, real-time tracking AF, 5-axis stabilisation.",https://m.media-amazon.com/images/I/BY6452H2ZQ._SX679_.jpg,https://www.amazon.in/dp/BY6452H2ZQ
BQ2Y9V86WZ,Nikon Z50 Mirrorless Camera,Electronics|Cameras & Photography,"₹74,999","₹89,999",17%,4.0,"35,955","20.9MP DX format, 4K UHD video, 209-point AF, flip touchscreen, dual UHS-I slots.",https://m.media-amazon.com/images/I/BQ2Y9V86WZ._SX679_.jpg,https://www.amazon.in/dp/BQ2Y9V86WZ
BQF5Q14J1R,Fujifilm X-T5 Mirrorless,Electronics|Cameras & Photography,"₹159,999","₹189,999",16%,3.6,"28,877","40.2MP X-Trans CMOS 5 HR sensor, 6.2K video, 5-axis IBIS, Film Simulation modes.",https://m.media-amazon.com/images/I/BQF5Q14J1R._SX679_.jpg,https://www.amazon.in/dp/BQF5Q14J1R
BCKJLTEIYZ,GoPro HERO12 Black Action Cam,Electronics|Cameras & Photography,"₹34,999","₹42,999",19%,3.3,"26,762","5.3K60 video, 27MP photos, HyperSmooth 6.0, waterproof to 10m, TimeWarp 3.0.",https://m.media-amazon.com/images/I/BCKJLTEIYZ._SX679_.jpg,https://www.amazon.in/dp/BCKJLTEIYZ
BLQC3O18A5,Apple iPad Pro 12.9 inch M2,Electronics|Tablets,"₹112,900","₹134,900",16%,4.1,"31,309","M2 chip, 12.9 inch Liquid Retina XDR display, ProMotion 120Hz, 5G capable, USB-C.",https://m.media-amazon.com/images/I/BLQC3O18A5._SX679_.jpg,https://www.amazon.in/dp/BLQC3O18A5
BAM148P0TV,Samsung Galaxy Tab S9 Ultra,Electronics|Tablets,"₹108,999","₹132,999",18%,3.6,"14,430","14.6 inch Dynamic AMOLED 2X, Snapdragon 8 Gen 2, S Pen included, IP68.",https://m.media-amazon.com/images/I/BAM148P0TV._SX679_.jpg,https://www.amazon.in/dp/BAM148P0TV
BJRNY20479,OnePlus Pad Go,Electronics|Tablets,"₹19,999","₹24,999",20%,4.1,"25,872","11.35 inch 2.4K 90Hz display, Helio G99, 8000mAh battery, Dolby Atmos.",https://m.media-amazon.com/images/I/BJRNY20479._SX679_.jpg,https://www.amazon.in/dp/BJRNY20479
BVXDP5GJLQ,Xiaomi Pad 6,Electronics|Tablets,"₹28,999","₹34,999",17%,3.7,"24,896","11 inch 2.8K 144Hz, Snapdragon 870, 8840mAh, 33W charging, 4 speaker array.",https://m.media-amazon.com/images/I/BVXDP5GJLQ._SX679_.jpg,https://www.amazon.in/dp/BVXDP5GJLQ
BK8P4Q0B8I,Lenovo Tab P12 Pro,Electronics|Tablets,"₹59,999","₹74,999",20%,3.3,"42,763","12.6 inch Super AMOLED 2K, Snapdragon 870, 10200mAh, pen and keyboard support.",https://m.media-amazon.com/images/I/BK8P4Q0B8I._SX679_.jpg,https://www.amazon.in/dp/BK8P4Q0B8I
BBBI4WIRE8,Levis 511 Slim Fit Jeans,Clothing|Men's Clothing,"₹2,999","₹4,499",33%,3.9,"16,843","Slim fit through seat and thigh, straight leg, stretch fabric, 5-pocket styling.",https://m.media-amazon.com/images/I/BBBI4WIRE8._SX679_.jpg,https://www.amazon.in/dp/BBBI4WIRE8
B1GV0E38DA,Allen Solly Formal Shirt,Clothing|Men's Clothing,"₹1,299","₹2,199",41%,3.7,"44,440","Regular fit, full sleeves, solid color, premium cotton blend, office wear.",https://m.media-amazon.com/images/I/B1GV0E38DA._SX679_.jpg,https://www.amazon.in/dp/B1GV0E38DA
B6N7HV3IZK,HnM Regular Fit Oxford Shirt,Clothing|Men's Clothing,"₹1,499","₹2,499",40%,4.3,"7,983","Regular fit, button-down collar, chest pocket, 100% cotton, machine washable.",https://m.media-amazon.com/images/I/B6N7HV3IZK._SX679_.jpg,https://www.amazon.in/dp/B6N7HV3IZK
B2UBTXCXAP,US Polo Assn Polo T-shirt,Clothing|Men's Clothing,₹999,"₹1,799",44%,4.0,"28,461","Classic fit, embroidered logo, premium pique fabric, ribbed collar and cuffs.",https://m.media-amazon.com/images/I/B2UBTXCXAP._SX679_.jpg,https://www.amazon.in/dp/B2UBTXCXAP
B8W3ZP08J3,Van Heusen Formal Trousers,Clothing|Men's Clothing,"₹1,799","₹2,999",40%,4.1,"31,736","Regular fit, flat front, moisture wicking, 4-way stretch, wrinkle-free finish.",https://m.media-amazon.com/images/I/B8W3ZP08J3._SX679_.jpg,https://www.amazon.in/dp/B8W3ZP08J3
BQ3VLI7KQ1,Peter England Blazer,Clothing|Men's Clothing,"₹4,999","₹7,999",38%,4.1,"43,840","Single-breasted, notch lapel, two-button closure, slim fit, formal occasion.",https://m.media-amazon.com/images/I/BQ3VLI7KQ1._SX679_.jpg,https://www.amazon.in/dp/BQ3VLI7KQ1
BNB4GH2M5Z,Arrow Sports Chino,Clothing|Men's Clothing,"₹1,599","₹2,599",38%,3.6,715,"Slim fit chino, stretch cotton, 5-pocket design, versatile casual to smart casual.",https://m.media-amazon.com/images/I/BNB4GH2M5Z._SX679_.jpg,https://www.amazon.in/dp/BNB4GH2M5Z
BSGIOTIRZQ,Biba Anarkali Kurta,Clothing|Women's Clothing,"₹1,499","₹2,499",40%,3.2,"19,333","Cotton blend, printed design, 3/4 sleeves, round neck, comfortable fit for daily wear.",https://m.media-amazon.com/images/I/BSGIOTIRZQ._SX679_.jpg,https://www.amazon.in/dp/BSGIOTIRZQ
BHYLURTP0L,W for Woman Flared Kurta,Clothing|Women's Clothing,"₹1,299","₹2,199",41%,4.3,"17,804","Pure cotton, floral print, straight cut with flared bottom, comes with matching dupatta.",https://m.media-amazon.com/images/I/BHYLURTP0L._SX679_.jpg,https://www.amazon.in/dp/BHYLURTP0L
BLIZL08YG0,Global Desi Maxi Dress,Clothing|Women's Clothing,"₹1,699","₹2,799",39%,3.6,"38,689","Georgette fabric, paisley print, flared silhouette, ethnic appeal with modern style.",https://m.media-amazon.com/images/I/BLIZL08YG0._SX679_.jpg,https://www.amazon.in/dp/BLIZL08YG0
B9SKDGIGAT,Zara Floral Midi Skirt,Clothing|Women's Clothing,"₹1,999","₹3,499",43%,3.6,"3,623","Floral print, midi length, elastic waist, fully lined, flowing fit.",https://m.media-amazon.com/images/I/B9SKDGIGAT._SX679_.jpg,https://www.amazon.in/dp/B9SKDGIGAT
BTZE5R5UQP,HnM Slim Fit Trousers,Clothing|Women's Clothing,"₹1,299","₹2,199",41%,3.5,"3,417","Slim fit, high waist, invisible side pockets, back pockets, stretch blend.",https://m.media-amazon.com/images/I/BTZE5R5UQP._SX679_.jpg,https://www.amazon.in/dp/BTZE5R5UQP
BJ5ECRUYF3,Fabindia Cotton Salwar Suit Set,Clothing|Women's Clothing,"₹2,499","₹3,999",38%,4.7,"5,632","Block print, unstitched 3-piece set, kota doria fabric, traditional handcraft.",https://m.media-amazon.com/images/I/BJ5ECRUYF3._SX679_.jpg,https://www.amazon.in/dp/BJ5ECRUYF3
B9E1V2ISQP,Instant Pot Duo 7-in-1,Home & Kitchen|Kitchen Appliances,"₹8,999","₹12,999",31%,4.6,"28,153","7-in-1 electric pressure cooker, slow cooker, rice cooker, steamer, saute, yogurt maker.",https://m.media-amazon.com/images/I/B9E1V2ISQP._SX679_.jpg,https://www.amazon.in/dp/B9E1V2ISQP
BKWV08HHXF,Philips Air Fryer HD9200,Home & Kitchen|Kitchen Appliances,"₹6,999","₹9,999",30%,3.5,"4,969","Rapid Air technology, 1400W, 4.1L capacity, digital display, 7 presets.",https://m.media-amazon.com/images/I/BKWV08HHXF._SX679_.jpg,https://www.amazon.in/dp/BKWV08HHXF
BFOYQBKK4C,Inalsa Food Processor Fiesta,Home & Kitchen|Kitchen Appliances,"₹3,999","₹5,999",33%,3.6,"17,387","600W, 1.5L bowl, 5 accessories including blade, disc, whipper, dough hook.",https://m.media-amazon.com/images/I/BFOYQBKK4C._SX679_.jpg,https://www.amazon.in/dp/BFOYQBKK4C
B2WX7PTX63,Havells Hand Blender Hexo Plus,Home & Kitchen|Kitchen Appliances,"₹1,799","₹2,799",36%,3.3,"10,923","700W motor, 3-speed control with turbo, stainless steel shaft, 600ml beaker.",https://m.media-amazon.com/images/I/B2WX7PTX63._SX679_.jpg,https://www.amazon.in/dp/B2WX7PTX63
B2V37PQKOJ,Prestige IRIS 750W Mixer Grinder,Home & Kitchen|Kitchen Appliances,"₹2,999","₹4,299",30%,4.1,"28,738","750W motor, 3 stainless steel jars, 3 speed with pulse, 5 year warranty.",https://m.media-amazon.com/images/I/B2V37PQKOJ._SX679_.jpg,https://www.amazon.in/dp/B2V37PQKOJ
BCBPLJD84U,Bajaj Majesty 1000 TSS Sandwich Maker,Home & Kitchen|Kitchen Appliances,₹999,"₹1,699",41%,4.7,"44,108","1000W, non-stick plates, compact design, indicator lights, 2 year warranty.",https://m.media-amazon.com/images/I/BCBPLJD84U._SX679_.jpg,https://www.amazon.in/dp/BCBPLJD84U
B3U1GSPK9P,Morphy Richards Fresco 25L Microwave,Home & Kitchen|Kitchen Appliances,"₹8,999","₹12,999",31%,4.5,"6,029","25L solo microwave, 800W, 5 power levels, defrost function, child lock.",https://m.media-amazon.com/images/I/B3U1GSPK9P._SX679_.jpg,https://www.amazon.in/dp/B3U1GSPK9P
BQOLDFORXO,Amazon Basics Microfiber Bedsheet Set,Home & Kitchen|Home Decor,₹999,"₹1,999",50%,4.4,"2,454","King size, 300 thread count, 4 piece set with pillow covers, machine washable.",https://m.media-amazon.com/images/I/BQOLDFORXO._SX679_.jpg,https://www.amazon.in/dp/BQOLDFORXO
BQLL8OS9XT,Nilkamal Plastic Folding Table,Home & Kitchen|Home Decor,"₹2,499","₹3,499",29%,3.9,"12,343","Weather-resistant, foldable design, 4 seater, easy to clean, indoor and outdoor use.",https://m.media-amazon.com/images/I/BQLL8OS9XT._SX679_.jpg,https://www.amazon.in/dp/BQLL8OS9XT
BSWRPBJEK5,FabIndia Handblock Print Cushion Covers,Home & Kitchen|Home Decor,₹499,₹899,44%,4.0,"1,941","Set of 5, 45x45cm, 100% cotton, traditional block print, hand-crafted.",https://m.media-amazon.com/images/I/BSWRPBJEK5._SX679_.jpg,https://www.amazon.in/dp/BSWRPBJEK5
B9VIFTTD96,Bombay Dyeing Towel Set,Home & Kitchen|Home Decor,₹699,"₹1,299",46%,3.9,"7,748","Set of 4, 500 GSM, quick-dry, lint-free, machine washable, vibrant colors.",https://m.media-amazon.com/images/I/B9VIFTTD96._SX679_.jpg,https://www.amazon.in/dp/B9VIFTTD96
BXF7KZORQQ,Godrej Interio Office Chair,Home & Kitchen|Home Decor,"₹8,999","₹14,999",40%,3.4,"12,541","Ergonomic design, adjustable armrest and height, lumbar support, 5-star base.",https://m.media-amazon.com/images/I/BXF7KZORQQ._SX679_.jpg,https://www.amazon.in/dp/BXF7KZORQQ
B7S55J2O7S,Home Centre Wooden Wall Shelf,Home & Kitchen|Home Decor,"₹1,499","₹2,499",40%,4.5,"18,586","3-tier wooden wall shelf, MDF material, easy installation, holds up to 10kg per tier.",https://m.media-amazon.com/images/I/B7S55J2O7S._SX679_.jpg,https://www.amazon.in/dp/B7S55J2O7S
B04UX5QRL1,Python Crash Course by Eric Matthes,Books|Academic & Educational,₹599,₹899,33%,3.8,"21,138","Hands-on, project-based introduction to programming in Python for beginners.",https://m.media-amazon.com/images/I/B04UX5QRL1._SX679_.jpg,https://www.amazon.in/dp/B04UX5QRL1
B59IN4OLR6,Clean Code by Robert Martin,Books|Academic & Educational,₹699,"₹1,099",36%,3.8,"43,545",Handbook of agile software craftsmanship. A must-read for every developer.,https://m.media-amazon.com/images/I/B59IN4OLR6._SX679_.jpg,https://www.amazon.in/dp/B59IN4OLR6
B2XF8E8LD4,Machine Learning by Tom Mitchell,Books|Academic & Educational,₹899,"₹1,299",31%,3.4,"29,995","Classic textbook on ML concepts, algorithms, and applications. Academic standard.",https://m.media-amazon.com/images/I/B2XF8E8LD4._SX679_.jpg,https://www.amazon.in/dp/B2XF8E8LD4
BAF58C2JWO,Deep Learning by Goodfellow et al,Books|Academic & Educational,"₹1,299","₹1,899",32%,3.3,"21,582",Comprehensive coverage of deep learning theory and practice by leading researchers.,https://m.media-amazon.com/images/I/BAF58C2JWO._SX679_.jpg,https://www.amazon.in/dp/BAF58C2JWO
B44NLZ15BC,Designing Data-Intensive Applications,Books|Academic & Educational,₹999,"₹1,499",33%,4.2,"18,883","Big ideas behind reliable, scalable, and maintainable systems. Essential reading.",https://m.media-amazon.com/images/I/B44NLZ15BC._SX679_.jpg,https://www.amazon.in/dp/B44NLZ15BC
B90PDW5PY6,The Pragmatic Programmer 20th Anniversary,Books|Academic & Educational,₹899,"₹1,299",31%,3.3,"3,727","Your journey to mastery. Covers career, coding, and project practices.",https://m.media-amazon.com/images/I/B90PDW5PY6._SX679_.jpg,https://www.amazon.in/dp/B90PDW5PY6
BKNFTU2GC5,Introduction to Algorithms CLRS,Books|Academic & Educational,"₹1,499","₹2,199",32%,4.2,"15,833","Comprehensive textbook covering algorithms, data structures, and complexity.",https://m.media-amazon.com/images/I/BKNFTU2GC5._SX679_.jpg,https://www.amazon.in/dp/BKNFTU2GC5
BRUIWQY6QK,Decathlon Domyos Fitness Mat,Sports & Outdoors|Fitness Equipment,₹999,"₹1,799",44%,4.1,"4,890","7mm thick, non-slip texture, PVC free, foldable, 180cm x 60cm, yoga and pilates.",https://m.media-amazon.com/images/I/BRUIWQY6QK._SX679_.jpg,https://www.amazon.in/dp/BRUIWQY6QK
BPMVXPJ4HN,Cosco Gym Ball 75cm,Sports & Outdoors|Fitness Equipment,₹699,"₹1,299",46%,4.0,"15,595","Anti-burst technology, 200kg weight capacity, includes foot pump, PVC free.",https://m.media-amazon.com/images/I/BPMVXPJ4HN._SX679_.jpg,https://www.amazon.in/dp/BPMVXPJ4HN
BNMKZA3OA5,Boldfit Adjustable Dumbbell Set,Sports & Outdoors|Fitness Equipment,"₹4,999","₹7,999",38%,4.4,"3,264","20kg total weight, adjustable plates, ergonomic grip, chrome finish, storage stand.",https://m.media-amazon.com/images/I/BNMKZA3OA5._SX679_.jpg,https://www.amazon.in/dp/BNMKZA3OA5
B60361I2HG,TRX Suspension Training System,Sports & Outdoors|Fitness Equipment,"₹7,999","₹12,999",38%,3.6,"49,567","Military-grade nylon, adjustable straps, door anchor, carry bag, full body workout.",https://m.media-amazon.com/images/I/B60361I2HG._SX679_.jpg,https://www.amazon.in/dp/B60361I2HG
BZX4W6XLPU,Reebok Jump Rope,Sports & Outdoors|Fitness Equipment,₹799,"₹1,299",38%,4.4,"5,956","Speed rope, ball bearing handles, adjustable length, 3mm PVC cable, tangle-free.",https://m.media-amazon.com/images/I/BZX4W6XLPU._SX679_.jpg,https://www.amazon.in/dp/BZX4W6XLPU
B6LOH25NSJ,Nivia Storm Football Size 5,Sports & Outdoors|Fitness Equipment,₹599,₹999,40%,3.5,"31,628","TPU material, 32-panel design, machine stitched, suitable for training and match.",https://m.media-amazon.com/images/I/B6LOH25NSJ._SX679_.jpg,https://www.amazon.in/dp/B6LOH25NSJ
B8K52QC1IY,Cosco Cricket Bat English Willow,Sports & Outdoors|Fitness Equipment,"₹2,499","₹3,999",38%,4.3,"26,094","English willow grade 3, 5-6 grains, full cane handle, ready to play.",https://m.media-amazon.com/images/I/B8K52QC1IY._SX679_.jpg,https://www.amazon.in/dp/B8K52QC1IY
B82N2ATQYY,Minimalist Niacinamide 10 Percent Serum,Beauty & Personal Care|Skincare,₹399,₹599,33%,4.1,"41,897","10% niacinamide with 0.1% zinc, controls sebum, minimizes pores, brightens skin.",https://m.media-amazon.com/images/I/B82N2ATQYY._SX679_.jpg,https://www.amazon.in/dp/B82N2ATQYY
B7DIA5U6HC,Dot and Key Barrier Repair Moisturizer,Beauty & Personal Care|Skincare,₹699,₹999,30%,4.5,"45,995","Ceramide-rich, hyaluronic acid, centella asiatica, repairs damaged skin barrier.",https://m.media-amazon.com/images/I/B7DIA5U6HC._SX679_.jpg,https://www.amazon.in/dp/B7DIA5U6HC
BKOF8KRD5E,Plum Bright Years Cell Renewal Serum,Beauty & Personal Care|Skincare,₹849,"₹1,299",35%,3.9,"43,990","0.3% retinol, bakuchiol, reduces fine lines, cell renewal, suitable for all skin types.",https://m.media-amazon.com/images/I/BKOF8KRD5E._SX679_.jpg,https://www.amazon.in/dp/BKOF8KRD5E
B8ZTV05X4W,Mamaearth Vitamin C Face Wash,Beauty & Personal Care|Skincare,₹299,₹449,33%,4.7,"18,383","Vitamin C + Turmeric, brightens skin, removes tan, gentle for daily use, toxin-free.",https://m.media-amazon.com/images/I/B8ZTV05X4W._SX679_.jpg,https://www.amazon.in/dp/B8ZTV05X4W
BBNP84DYT9,Himalaya Purifying Neem Face Wash,Beauty & Personal Care|Skincare,₹175,₹225,22%,3.8,"26,142","Neem extract, blackhead removal, oil control, suitable for oily and combination skin.",https://m.media-amazon.com/images/I/BBNP84DYT9._SX679_.jpg,https://www.amazon.in/dp/BBNP84DYT9
BJ883DHX8B,Lakme Absolute Skin Natural Mousse SPF 8,Beauty & Personal Care|Skincare,₹349,₹499,30%,3.7,"8,302","SPF 8 PA+ mousse foundation, 24hr moisture, sweat-proof, buildable coverage.",https://m.media-amazon.com/images/I/BJ883DHX8B._SX679_.jpg,https://www.amazon.in/dp/BJ883DHX8B
B2H3TV3I12,Pantene Advanced Hairfall Solution Shampoo,Beauty & Personal Care|Hair Care,₹349,₹499,30%,4.2,"18,221","Pro-Vitamin formula, anti-hairfall, strengthens hair, suitable for all hair types.",https://m.media-amazon.com/images/I/B2H3TV3I12._SX679_.jpg,https://www.amazon.in/dp/B2H3TV3I12
B4FEJGXAA2,L Oreal Paris Extraordinary Oil Serum,Beauty & Personal Care|Hair Care,₹549,₹799,31%,3.6,"21,268","6 precious flower oils, 24hr shine, frizz control, lightweight non-greasy formula.",https://m.media-amazon.com/images/I/B4FEJGXAA2._SX679_.jpg,https://www.amazon.in/dp/B4FEJGXAA2
BAJEPECQNV,Dove Intense Repair Conditioner 700ml,Beauty & Personal Care|Hair Care,₹399,₹549,27%,3.9,"14,569","Keratin actives, repairs damage, reduces breakage, suitable for damaged hair.",https://m.media-amazon.com/images/I/BAJEPECQNV._SX679_.jpg,https://www.amazon.in/dp/BAJEPECQNV
B8B25SQ8CR,Tresemme Keratin Smooth Mask,Beauty & Personal Care|Hair Care,₹299,₹449,33%,3.8,"45,014","Keratin and argan oil, deep conditioning, frizz control, 3 minute treatment.",https://m.media-amazon.com/images/I/B8B25SQ8CR._SX679_.jpg,https://www.amazon.in/dp/B8B25SQ8CR
BDZP6LFEWV,Mamaearth Onion Hair Oil 150ml,Beauty & Personal Care|Hair Care,₹249,₹399,38%,4.3,"25,012","Red onion extract, redensyl, fights hairfall, promotes growth, mineral oil free.",https://m.media-amazon.com/images/I/BDZP6LFEWV._SX679_.jpg,https://www.amazon.in/dp/BDZP6LFEWV
B9TQVDZ4X1,Whirlpool 1.5 Ton 3 Star Split AC,Appliances|Large Appliances,"₹32,999","₹44,999",27%,4.4,"14,141","3-star BEE rating, 1.5 ton capacity, 5-in-1 convertible, IntelliSense inverter.",https://m.media-amazon.com/images/I/B9TQVDZ4X1._SX679_.jpg,https://www.amazon.in/dp/B9TQVDZ4X1
BP5O3O0LLJ,LG 260L 3 Star Double Door Refrigerator,Appliances|Large Appliances,"₹28,999","₹38,999",26%,4.7,"45,061","260 liter capacity, Smart Inverter Compressor, Moist Balance Crisper, door cooling.",https://m.media-amazon.com/images/I/BP5O3O0LLJ._SX679_.jpg,https://www.amazon.in/dp/BP5O3O0LLJ
B7C3DD03UV,Samsung 8kg Front Load Washing Machine,Appliances|Large Appliances,"₹34,999","₹49,999",30%,4.1,"21,653","8kg capacity, 1400 RPM, Digital Inverter Motor, Eco Bubble technology, WiFi enabled.",https://m.media-amazon.com/images/I/B7C3DD03UV._SX679_.jpg,https://www.amazon.in/dp/B7C3DD03UV
BYO57P6BKL,Voltas 1.5 Ton 5 Star Window AC,Appliances|Large Appliances,"₹29,999","₹39,999",25%,3.4,"33,303","5-star BEE rating, 1.5 ton, 100% copper condenser, anti-dust filter, auto restart.",https://m.media-amazon.com/images/I/BYO57P6BKL._SX679_.jpg,https://www.amazon.in/dp/BYO57P6BKL
BHXID4N1U3,Bosch 6kg Front Load Washing Machine,Appliances|Large Appliances,"₹38,999","₹54,999",29%,4.6,"40,795","6kg capacity, 1200 RPM, EcoSilence Drive, ActiveWater Plus, 15 wash programs.",https://m.media-amazon.com/images/I/BHXID4N1U3._SX679_.jpg,https://www.amazon.in/dp/BHXID4N1U3
BWXA73JGZL,Logitech MX Master 3S Mouse,Computers & Accessories|Peripherals,"₹8,999","₹11,999",25%,3.7,450,"8K DPI sensor, MagSpeed wheel, ergonomic design, 70 day battery, multi-device.",https://m.media-amazon.com/images/I/BWXA73JGZL._SX679_.jpg,https://www.amazon.in/dp/BWXA73JGZL
BGFXC08DTN,Keychron K2 Mechanical Keyboard,Computers & Accessories|Peripherals,"₹7,999","₹9,999",20%,3.9,"10,365","75% layout, Gateron Red switches, RGB backlight, Bluetooth 5.1, Mac and Windows.",https://m.media-amazon.com/images/I/BGFXC08DTN._SX679_.jpg,https://www.amazon.in/dp/BGFXC08DTN
BNZ1UDBFWY,Dell 27 inch 4K USB-C Monitor P2723QE,Computers & Accessories|Peripherals,"₹54,999","₹69,999",21%,3.6,"43,430","4K UHD IPS, 60Hz, USB-C 90W delivery, height-tilt-swivel-pivot adjustable stand.",https://m.media-amazon.com/images/I/BNZ1UDBFWY._SX679_.jpg,https://www.amazon.in/dp/BNZ1UDBFWY
BPVOHSMDYV,Seagate Backup Plus Portable 2TB,Computers & Accessories|Peripherals,"₹4,999","₹6,999",29%,4.0,"20,262","2TB USB 3.0, compact design, 3-year warranty, automatic backup software included.",https://m.media-amazon.com/images/I/BPVOHSMDYV._SX679_.jpg,https://www.amazon.in/dp/BPVOHSMDYV
BBOVAKHEJL,TP-Link Archer AX73 WiFi 6 Router,Computers & Accessories|Peripherals,"₹12,999","₹17,999",28%,3.2,"49,006","WiFi 6, AX5400, 6 antennas, OFDMA, MU-MIMO, OneMesh compatible, parental controls.",https://m.media-amazon.com/images/I/BBOVAKHEJL._SX679_.jpg,https://www.amazon.in/dp/BBOVAKHEJL
BPETIUYMO0,Crucial P3 1TB NVMe SSD M.2,Computers & Accessories|Peripherals,"₹5,999","₹8,499",29%,3.9,"30,180","PCIe Gen3 NVMe, 3500MB/s read, 3000MB/s write, 5-year warranty, compatible.",https://m.media-amazon.com/images/I/BPETIUYMO0._SX679_.jpg,https://www.amazon.in/dp/BPETIUYMO0
B75UUZPEAL,Sony PlayStation 5 Disc Edition,Gaming|Gaming Consoles & Accessories,"₹49,990","₹54,990",9%,4.5,"40,559","AMD Zen 2 CPU, RDNA 2 GPU, 825GB SSD, 4K 120Hz, Ray Tracing, DualSense controller.",https://m.media-amazon.com/images/I/B75UUZPEAL._SX679_.jpg,https://www.amazon.in/dp/B75UUZPEAL
BQYNPDPOC5,Microsoft Xbox Series X,Gaming|Gaming Consoles & Accessories,"₹49,990","₹54,990",9%,4.4,"14,570","12 teraflops GPU, 1TB NVMe SSD, 4K 120Hz, Quick Resume, backward compatible.",https://m.media-amazon.com/images/I/BQYNPDPOC5._SX679_.jpg,https://www.amazon.in/dp/BQYNPDPOC5
BLGSES6M03,Nintendo Switch OLED Model,Gaming|Gaming Consoles & Accessories,"₹34,999","₹39,999",13%,4.5,"15,534","7 inch OLED screen, 64GB storage, wired LAN port, enhanced audio, adjustable stand.",https://m.media-amazon.com/images/I/BLGSES6M03._SX679_.jpg,https://www.amazon.in/dp/BLGSES6M03
BDJGF1C8WQ,Logitech G29 Driving Force Racing Wheel,Gaming|Gaming Consoles & Accessories,"₹18,999","₹24,999",24%,4.1,"38,026","900 degree rotation, dual-motor force feedback, leather steering wheel, compatible.",https://m.media-amazon.com/images/I/BDJGF1C8WQ._SX679_.jpg,https://www.amazon.in/dp/BDJGF1C8WQ
BQ7UWW5WFC,Razer DeathAdder V3 HyperSpeed,Gaming|Gaming Consoles & Accessories,"₹7,999","₹9,999",20%,3.9,"19,895","Focus Pro 30K DPI sensor, HyperSpeed wireless, ergonomic design, 90hr battery.",https://m.media-amazon.com/images/I/BQ7UWW5WFC._SX679_.jpg,https://www.amazon.in/dp/BQ7UWW5WFC
